{
  "matched_tasks": 140,
  "accuracy": 45.714285714285715,
  "mean_score_difference": 0.6485714285714286,
  "mae": 0.7971428571428572,
  "rmse": 0.992543629843473,
  "correlation": 0.5112038414354403
}