{
  "matched_tasks": 140,
  "accuracy": 44.285714285714285,
  "mean_score_difference": 0.64,
  "mae": 0.7828571428571428,
  "rmse": 0.9898051756352285,
  "correlation": 0.5090129279667074
}