{
  "matched_tasks": 138,
  "accuracy": 49.275362318840585,
  "mean_score_difference": 0.6463768115942028,
  "mae": 0.7797101449275364,
  "rmse": 0.9839288297580193,
  "correlation": 0.536278498308575
}