{
  "matched_tasks": 140,
  "accuracy": 45.714285714285715,
  "mean_score_difference": 0.6185714285714285,
  "mae": 0.7614285714285713,
  "rmse": 0.9546128609471559,
  "correlation": 0.5508545180177707
}