{
  "matched_tasks": 140,
  "accuracy": 57.14285714285714,
  "mean_score_difference": 0.6171428571428572,
  "mae": 0.6285714285714286,
  "rmse": 0.7528991584914563,
  "correlation": 0.8805113511639293
}