{
  "matched_tasks": 140,
  "accuracy": 41.42857142857143,
  "mean_score_difference": 0.6342857142857142,
  "mae": 0.7885714285714286,
  "rmse": 0.9682089502935673,
  "correlation": 0.5434658839939254
}