{
  "matched_tasks": 140,
  "accuracy": 55.714285714285715,
  "mean_score_difference": 0.5957142857142858,
  "mae": 0.6071428571428572,
  "rmse": 0.7039683434440988,
  "correlation": 0.9213410496688066
}