{
  "matched_tasks": 140,
  "accuracy": 51.42857142857142,
  "mean_score_difference": 0.6114285714285714,
  "mae": 0.6342857142857143,
  "rmse": 0.7398841608174698,
  "correlation": 0.8931655737976887
}