{
  "matched_tasks": 140,
  "accuracy": 42.857142857142854,
  "mean_score_difference": 0.6471428571428571,
  "mae": 0.7957142857142857,
  "rmse": 0.9791395639612801,
  "correlation": 0.5373017648001093
}