{
  "matched_tasks": 14,
  "accuracy": 85.71428571428571,
  "mean_score_difference": 0.7714285714285712,
  "mae": 0.7714285714285712,
  "rmse": 0.9636241116594316,
  "correlation": 0.621547775021842
}