{
  "matched_tasks": 140,
  "accuracy": 80.0,
  "mean_score_difference": -0.09142857142857144,
  "mae": 0.14571428571428574,
  "rmse": 0.2985680109168716,
  "correlation": 0.946396699376645
}