{
  "matched_tasks": 140,
  "accuracy": 55.714285714285715,
  "mean_score_difference": 0.6200000000000001,
  "mae": 0.6342857142857143,
  "rmse": 0.7412344915265152,
  "correlation": 0.8997841293971729
}