{
  "matched_tasks": 140,
  "accuracy": 44.285714285714285,
  "mean_score_difference": 0.637142857142857,
  "mae": 0.7828571428571428,
  "rmse": 0.9746794344808963,
  "correlation": 0.5333454425345154
}