{
  "matched_tasks": 140,
  "accuracy": 74.28571428571429,
  "mean_score_difference": 0.02999999999999997,
  "mae": 0.2528571428571429,
  "rmse": 0.4076062525806703,
  "correlation": 0.8837828656034048
}