{
  "matched_tasks": 140,
  "accuracy": 80.0,
  "mean_score_difference": -0.07285714285714288,
  "mae": 0.13,
  "rmse": 0.2707133433832073,
  "correlation": 0.9549279788268692
}