{
  "matched_tasks": 58,
  "accuracy": 58.620689655172406,
  "mean_score_difference": 0.7344827586206895,
  "mae": 0.8241379310344827,
  "rmse": 0.9732632631052838,
  "correlation": 0.5813216317133515
}