{
  "matched_tasks": 140,
  "accuracy": 50.0,
  "mean_score_difference": 0.64,
  "mae": 0.6685714285714285,
  "rmse": 0.7967792309398777,
  "correlation": 0.85974693943338
}