{
  "matched_tasks": 140,
  "accuracy": 77.14285714285715,
  "mean_score_difference": 0.055714285714285695,
  "mae": 0.22428571428571434,
  "rmse": 0.3666450210061108,
  "correlation": 0.9098087037427938
}