{
  "matched_tasks": 140,
  "accuracy": 60.0,
  "mean_score_difference": 0.5985714285714286,
  "mae": 0.6157142857142859,
  "rmse": 0.7253570549342283,
  "correlation": 0.8937611297814156
}