{
  "chatgpt_few": {
    "n_items": 70,
    "n_trials": 10,
    "mean_std_dev": 0.12592893647734563,
    "median_std_dev": 0.09660917830792967,
    "mean_range": 0.3314285714285714,
    "max_range": 1.0,
    "mean_cv": 6.9257205251950245,
    "excellent_count": 49,
    "good_count": 21,
    "fair_count": 0,
    "poor_count": 0,
    "high_variance_count": 0
  },
  "chatgpt_lenient": {
    "n_items": 70,
    "n_trials": 10,
    "mean_std_dev": 0.1023686496398066,
    "median_std_dev": 0.06324555320336764,
    "mean_range": 0.2814285714285714,
    "max_range": 1.0,
    "mean_cv": 4.207277437571543,
    "excellent_count": 56,
    "good_count": 12,
    "fair_count": 2,
    "poor_count": 0,
    "high_variance_count": 0
  },
  "chatgpt_zero": {
    "n_items": 70,
    "n_trials": 10,
    "mean_std_dev": 0.09607132340830866,
    "median_std_dev": 0.06324555320336764,
    "mean_range": 0.2514285714285714,
    "max_range": 1.0,
    "mean_cv": 4.712688178584839,
    "excellent_count": 58,
    "good_count": 12,
    "fair_count": 0,
    "poor_count": 0,
    "high_variance_count": 0
  },
  "gemini_few": {
    "n_items": 70,
    "n_trials": 10,
    "mean_std_dev": 0.33810670434640666,
    "median_std_dev": 0.3386958772989802,
    "mean_range": 1.0242857142857142,
    "max_range": 1.9000000000000001,
    "mean_cv": 17.22840326849615,
    "excellent_count": 5,
    "good_count": 47,
    "fair_count": 16,
    "poor_count": 2,
    "high_variance_count": 8
  },
  "gemini_lenient": {
    "n_items": 70,
    "n_trials": 10,
    "mean_std_dev": 0.07541676879172338,
    "median_std_dev": 0.03689323936863112,
    "mean_range": 0.20142857142857143,
    "max_range": 1.4000000000000001,
    "mean_cv": 2.9949807669833577,
    "excellent_count": 65,
    "good_count": 4,
    "fair_count": 1,
    "poor_count": 0,
    "high_variance_count": 0
  },
  "gemini_zero": {
    "n_items": 70,
    "n_trials": 10,
    "mean_std_dev": 0.2369972743798468,
    "median_std_dev": 0.25165766211019247,
    "mean_range": 0.6814285714285715,
    "max_range": 1.4000000000000001,
    "mean_cv": 10.920503875074408,
    "excellent_count": 29,
    "good_count": 32,
    "fair_count": 9,
    "poor_count": 0,
    "high_variance_count": 1
  }
}