model,strategy,student_id,student_name,question_number,n_trials,mean_score,std_dev,variance,min_score,max_score,range,cv_percent,consistency,all_scores
gemini,few,student_01,Mahasiswa 1,6,10,2.7399999999999998,0.7351492667781451,0.5404444444444444,2.0,3.9,1.9,26.83026521088121,Poor,"2.30,3.90,3.20,2.20,2.50,2.00,2.00,2.30,3.90,3.10"
gemini,few,student_01,Mahasiswa 1,1,10,3.3699999999999997,0.6583649781424012,0.43344444444444447,2.3,4.0,1.7000000000000002,19.536052763869474,Poor,"2.90,3.30,3.90,2.30,2.50,3.90,3.00,4.00,4.00,3.90"
gemini,zero,student_14,Mahasiswa 14,3,10,2.13,0.5696977756280567,0.32455555555555565,1.8,3.2,1.4000000000000001,26.74637444263177,Fair,"1.80,1.80,3.20,1.80,1.80,1.80,1.80,1.80,3.10,2.40"
gemini,few,student_03,Mahasiswa 3,1,10,2.97,0.5457919831665622,0.29788888888888887,2.3,4.0,1.7000000000000002,18.3768344500526,Fair,"2.90,2.40,2.40,2.30,3.30,3.30,3.30,3.20,4.00,2.60"
gemini,few,student_02,Mahasiswa 2,7,10,2.58,0.5308274463305168,0.28177777777777774,1.9,3.8,1.9,20.574707222113055,Fair,"2.90,2.40,1.90,2.40,2.40,2.20,2.40,3.00,3.80,2.40"
gemini,few,student_13,Mahasiswa 13,1,10,3.4,0.5228129047119374,0.2733333333333333,2.4,4.0,1.6,15.376850138586395,Fair,"2.90,3.90,3.20,3.90,3.30,3.30,3.90,2.40,4.00,3.20"
gemini,few,student_13,Mahasiswa 13,3,10,2.04,0.5037636129950016,0.25377777777777777,1.3,3.2,1.9000000000000001,24.694294754656944,Fair,"3.20,1.30,1.90,1.90,1.90,1.80,1.90,1.80,2.40,2.30"
gemini,few,student_14,Mahasiswa 14,3,10,2.34,0.5015531433014409,0.25155555555555564,1.9,3.2,1.3000000000000003,21.43389501288209,Fair,"3.20,2.60,2.10,2.00,2.00,2.00,2.00,3.20,1.90,2.40"
gemini,few,student_16,Mahasiswa 16,3,10,3.0700000000000003,0.4571651780264984,0.20900000000000002,2.3,3.9,1.6,14.891373877084638,Fair,"3.20,3.30,3.20,3.90,3.00,2.40,3.10,3.00,2.30,3.30"
