model,strategy,n_items,n_trials,icc_2_1,cronbach_alpha,sem,fleiss_kappa,mean_score,sd_score
chatgpt,few,70,10,0.9533458516060572,0.9954163838037118,0.1688511643422152,0.7927832623526546,1.935142857142857,0.7817338656695729
chatgpt,lenient,70,10,0.9417366308931625,0.9938320790974163,0.15251427783130994,0.8175630028783933,2.624714285714286,0.6318481314560405
chatgpt,zero,70,10,0.9688693505337818,0.9967729506227371,0.13883472778263858,0.8384473159110108,1.9257142857142857,0.7868718745378916
gemini,few,70,10,,,,0.34554073955315956,,
gemini,lenient,70,10,,,,0.7903593448827271,,
gemini,zero,70,10,0.8324139802105261,0.9817097825841586,0.2686537527806494,0.5297298278764837,2.242571428571429,0.6562571049178074
