metric,chatgpt_mean,chatgpt_std,gemini_mean,gemini_std,t_statistic,p_value,cohens_d,cohens_d_interpretation,cliff_delta,cliff_delta_interpretation
mae,0.32666666666666666,0.21493341267026436,0.6466666666666668,0.1016886894849226,-1.9032627342244144,0.1297496972557409,-1.9032627342244144,large,-0.5555555555555556,large
exact_match,72.3809523809524,8.832017614757815,52.38095238095238,6.42416074439621,2.5898309471084726,0.06069472722138631,2.5898309471084726,large,0.8888888888888888,large
cohens_kappa,0.5864193423643536,0.11122980972903491,0.31936323899726005,0.08187023347751483,2.7345599209979774,0.05219710315267947,2.7345599209979774,large,1.0,large
pearson_r,0.9242702218678982,0.02168987260298869,0.6491605519918245,0.0825456057299241,4.5585749540659375,0.010350020286269614,4.5585749540659375,large,1.0,large
