model,strategy,mae,rmse,bias,pearson_r,pearson_p,spearman_r
chatgpt,lenient,0.6257142857142857,0.7307530362578044,0.6171428571428571,0.9080739830340328,5.1375631907686334e-54,0.9513041012144214
chatgpt,zero-shot,0.13000000000000003,0.2707133433832073,-0.07285714285714288,0.9549279788268685,1.1443314156500226e-74,0.9379766196675509
chatgpt,few-shot,0.22428571428571434,0.36664502100611085,0.05571428571428569,0.9098087037427932,1.4664956829129718e-54,0.9321201885813392
gemini,lenient,0.782857142857143,0.9746794344808964,0.637142857142857,0.5333454425345152,1.1656571756451965e-11,0.4780316525213237
gemini,zero-shot,0.5385714285714286,0.6982631513773504,0.31285714285714283,0.6943869847660263,1.84106256804796e-21,0.6786578595591036
gemini,few-shot,0.6185714285714288,0.7548888281443452,0.4414285714285713,0.7197492286749322,1.2560763699285121e-23,0.7134639723460542
