grade,mean_abs_error,std_abs_error,n_samples,mean_grade_diff,std_grade_diff
A,0.49999999999999994,0.4335896677735761,6,-0.49999999999999994,0.4335896677735761
B,0.26250000000000007,0.2976271707574919,120,-0.18083333333333346,0.3536831020768138
C,0.4461538461538461,0.3709210395521096,78,0.3769230769230769,0.4419329081486186
D,0.6254629629629629,0.5307736946203601,216,0.623611111111111,0.5329583226138896
