{
  "matched_tasks": 138,
  "accuracy": 49.275362318840585,
  "mean_score_difference": 0.6492753623188405,
  "mae": 0.7913043478260869,
  "rmse": 0.9855477400035408,
  "correlation": 0.5219028398821803
}