{
  "matched_tasks": 68,
  "accuracy": 58.82352941176471,
  "mean_score_difference": 0.6235294117647059,
  "mae": 0.647058823529412,
  "rmse": 0.7235533233734096,
  "correlation": 0.8831134931060359
}