{
  "matched_tasks": 140,
  "accuracy": 52.85714285714286,
  "mean_score_difference": 0.44142857142857134,
  "mae": 0.6185714285714285,
  "rmse": 0.7548888281443452,
  "correlation": 0.719749228674932
}