{
  "matched_tasks": 140,
  "accuracy": 58.57142857142858,
  "mean_score_difference": 0.6085714285714285,
  "mae": 0.6171428571428572,
  "rmse": 0.726636084983398,
  "correlation": 0.8995385544539952
}