{
  "matched_tasks": 140,
  "accuracy": 58.57142857142858,
  "mean_score_difference": 0.6185714285714287,
  "mae": 0.6357142857142858,
  "rmse": 0.7417161567222715,
  "correlation": 0.8935679026957616
}