{
  "matched_tasks": 140,
  "accuracy": 54.285714285714285,
  "mean_score_difference": 0.6471428571428572,
  "mae": 0.6614285714285715,
  "rmse": 0.7792853869319727,
  "correlation": 0.8809002847836228
}