{
  "matched_tasks": 140,
  "accuracy": 42.857142857142854,
  "mean_score_difference": 0.6714285714285714,
  "mae": 0.8114285714285714,
  "rmse": 1.010940156488009,
  "correlation": 0.50421675477469
}