{
  "matched_tasks": 140,
  "accuracy": 55.714285714285715,
  "mean_score_difference": 0.6271428571428572,
  "mae": 0.6528571428571429,
  "rmse": 0.7927348683062778,
  "correlation": 0.8402055225251887
}